{
  "project_info": {
    "project_number": "563115738787",
    "firebase_url": "https://hacking-homeless.firebaseio.com",
    "project_id": "hacking-homeless",
    "storage_bucket": "hacking-homeless.appspot.com"
  },
  "client": [
    {
      "client_info": {
        "mobilesdk_app_id": "1:563115738787:android:5946a8367f78bf2fc32116",
        "android_client_info": {
          "package_name": "nextgenerationairportfacilities.hacking_homeless"
        }
      },
      "oauth_client": [
        {
          "client_id": "563115738787-52ddi5qhhluo055p9ipf7miuukkmr9sm.apps.googleusercontent.com",
          "client_type": 1,
          "android_info": {
            "package_name": "nextgenerationairportfacilities.hacking_homeless",
            "certificate_hash": "c00f9610a11b64acf4e797b46aae2d82de0d40e3"
          }
        },
        {
          "client_id": "563115738787-69hj0aqcrasf74r08kr1ebo4csf6hmfa.apps.googleusercontent.com",
          "client_type": 3
        }
      ],
      "api_key": [
        {
          "current_key": "AIzaSyAOxvfL_swyjFfzK5UFRuvb_dDH-MEKQPU"
        }
      ],
      "services": {
        "appinvite_service": {
          "other_platform_oauth_client": [
            {
              "client_id": "563115738787-69hj0aqcrasf74r08kr1ebo4csf6hmfa.apps.googleusercontent.com",
              "client_type": 3
            }
          ]
        }
      }
    }
  ],
  "configuration_version": "1"
}